{"inputUnits":[25],"outputUnits":2,"inputs":{"Delta_TP9":{"dtype":"number","min":-0.5313368805,"max":1.867484373},"Delta_AF7":{"dtype":"number","min":-0.9399432704,"max":1.589169461},"Delta_AF8":{"dtype":"number","min":-0.7702820375,"max":1.615276955},"Delta_TP10":{"dtype":"number","min":-0.4767630465,"max":1.666228672},"Theta_AF7":{"dtype":"number","min":-0.8602873845,"max":1.226565244},"Theta_AF8":{"dtype":"number","min":-0.8703818089,"max":1.315102986},"Theta_TP10":{"dtype":"number","min":-0.4647971557,"max":1.503386624},"Alpha_TP9":{"dtype":"number","min":0.04365089795,"max":1.641639465},"Alpha_AF7":{"dtype":"number","min":-1.061149704,"max":0.9923216272},"Alpha_AF8":{"dtype":"number","min":-0.5283775104,"max":1.109059681},"Alpha_TP10":{"dtype":"number","min":-0.2080092994,"max":1.690120987},"Beta_TP9":{"dtype":"number","min":0.02384899005,"max":1.755335429},"Beta_AF7":{"dtype":"number","min":-0.3949647758,"max":1.013552062},"Beta_AF8":{"dtype":"number","min":-0.4235759178,"max":1.011928938},"Beta_TP10":{"dtype":"number","min":0.06843406855,"max":1.512324382},"Gamma_TP9":{"dtype":"number","min":-0.4017076431,"max":1.797572354},"Gamma_AF7":{"dtype":"number","min":-1.103729509,"max":0.9304711894},"Gamma_AF8":{"dtype":"number","min":-0.9521330719,"max":0.7035372256},"Gamma_TP10":{"dtype":"number","min":-0.3063052346,"max":1.796466121},"Accelerometer_X":{"dtype":"number","min":-0.430786,"max":0.594849},"Accelerometer_Y":{"dtype":"number","min":-0.271851,"max":0.47406},"Accelerometer_Z":{"dtype":"number","min":0.786377,"max":1.219971},"Gyro_X":{"dtype":"number","min":-50.722656,"max":51.036682},"Gyro_Y":{"dtype":"number","min":-45.720673,"max":104.136963},"Gyro_Z":{"dtype":"number","min":-123.374786,"max":95.957336}},"outputs":{"Output":{"dtype":"string","min":0,"max":1,"uniqueValues":["negative","positive"],"legend":{"negative":[1,0],"positive":[0,1]}}},"isNormalized":true}